id,file,platform
35237,exploit-database/35237.json
33081,exploit-database/33081.json
36581,exploit-database/36581.json
2031,exploit-database/2031.json
18884,exploit-database/18884.json
41013,exploit-database/41013.json
41012,exploit-database/41012.json
40157,exploit-database/40157.json
40155,exploit-database/40155.json
40154,exploit-database/40154.json
23362,exploit-database/23362.json
27287,exploit-database/27287.json
8303,exploit-database/8303.json
39656,exploit-database/39656.json
39657,exploit-database/39657.json
10512,exploit-database/10512.json
42773,exploit-database/42773.json
15431,exploit-database/15431.json
37363,exploit-database/37363.json
3555,exploit-database/3555.json
39710,exploit-database/39710.json
37368,exploit-database/37368.json
37369,exploit-database/37369.json
39715,exploit-database/39715.json
39266,exploit-database/39266.json
33425,exploit-database/33425.json
30398,exploit-database/30398.json
19406,exploit-database/19406.json
32830,exploit-database/32830.json
41962,exploit-database/41962.json
33250,exploit-database/33250.json
19717,exploit-database/19717.json
18679,exploit-database/18679.json
33554,exploit-database/33554.json
33557,exploit-database/33557.json
18775,exploit-database/18775.json
24309,exploit-database/24309.json
15758,exploit-database/15758.json
35439,exploit-database/35439.json
22160,exploit-database/22160.json
42519,exploit-database/42519.json
39742,exploit-database/39742.json
35539,exploit-database/35539.json
37926,exploit-database/37926.json
40921,exploit-database/40921.json
4172,exploit-database/4172.json
28726,exploit-database/28726.json
38765,exploit-database/38765.json
5307,exploit-database/5307.json
27279,exploit-database/27279.json
36614,exploit-database/36614.json
15856,exploit-database/15856.json
36613,exploit-database/36613.json
41157,exploit-database/41157.json
40931,exploit-database/40931.json
27272,exploit-database/27272.json
36619,exploit-database/36619.json
40937,exploit-database/40937.json
18171,exploit-database/18171.json
18177,exploit-database/18177.json
18179,exploit-database/18179.json
34436,exploit-database/34436.json
17551,exploit-database/17551.json
33954,exploit-database/33954.json
16318,exploit-database/16318.json
16319,exploit-database/16319.json
33818,exploit-database/33818.json
25449,exploit-database/25449.json
18370,exploit-database/18370.json
18371,exploit-database/18371.json
14594,exploit-database/14594.json
18378,exploit-database/18378.json
28409,exploit-database/28409.json
42358,exploit-database/42358.json
4203,exploit-database/4203.json
32039,exploit-database/32039.json
32038,exploit-database/32038.json
37132,exploit-database/37132.json
41540,exploit-database/41540.json
26125,exploit-database/26125.json
24906,exploit-database/24906.json
30605,exploit-database/30605.json
40842,exploit-database/40842.json
17318,exploit-database/17318.json
40339,exploit-database/40339.json
39841,exploit-database/39841.json
40119,exploit-database/40119.json
39066,exploit-database/39066.json
35583,exploit-database/35583.json
18105,exploit-database/18105.json
16952,exploit-database/16952.json
4359,exploit-database/4359.json
39035,exploit-database/39035.json
8695,exploit-database/8695.json
16959,exploit-database/16959.json
22902,exploit-database/22902.json
18108,exploit-database/18108.json
6509,exploit-database/6509.json
23252,exploit-database/23252.json
36440,exploit-database/36440.json
36337,exploit-database/36337.json
38383,exploit-database/38383.json
38124,exploit-database/38124.json
34525,exploit-database/34525.json
38118,exploit-database/38118.json
41747,exploit-database/41747.json
31175,exploit-database/31175.json
31174,exploit-database/31174.json
34026,exploit-database/34026.json
38119,exploit-database/38119.json
33942,exploit-database/33942.json
42221,exploit-database/42221.json
38261,exploit-database/38261.json
35370,exploit-database/35370.json
39691,exploit-database/39691.json
42274,exploit-database/42274.json
34879,exploit-database/34879.json
35274,exploit-database/35274.json
22547,exploit-database/22547.json
40989,exploit-database/40989.json
21330,exploit-database/21330.json
24561,exploit-database/24561.json
40986,exploit-database/40986.json
24084,exploit-database/24084.json
16925,exploit-database/16925.json
33073,exploit-database/33073.json
39996,exploit-database/39996.json
39995,exploit-database/39995.json
37114,exploit-database/37114.json
41179,exploit-database/41179.json
39229,exploit-database/39229.json
41233,exploit-database/41233.json
41377,exploit-database/41377.json
39382,exploit-database/39382.json
41999,exploit-database/41999.json
36842,exploit-database/36842.json
35972,exploit-database/35972.json
41994,exploit-database/41994.json
36023,exploit-database/36023.json
41996,exploit-database/41996.json
7550,exploit-database/7550.json
24450,exploit-database/24450.json
33176,exploit-database/33176.json
19629,exploit-database/19629.json
35473,exploit-database/35473.json
37388,exploit-database/37388.json
40185,exploit-database/40185.json
15717,exploit-database/15717.json
40360,exploit-database/40360.json
41162,exploit-database/41162.json
32998,exploit-database/32998.json
40064,exploit-database/40064.json
35579,exploit-database/35579.json
35578,exploit-database/35578.json
4773,exploit-database/4773.json
34308,exploit-database/34308.json
39669,exploit-database/39669.json
1622,exploit-database/1622.json
41196,exploit-database/41196.json
18686,exploit-database/18686.json
41192,exploit-database/41192.json
37707,exploit-database/37707.json
37708,exploit-database/37708.json
37259,exploit-database/37259.json
24158,exploit-database/24158.json
35584,exploit-database/35584.json
35585,exploit-database/35585.json
14814,exploit-database/14814.json
35580,exploit-database/35580.json
35582,exploit-database/35582.json
5790,exploit-database/5790.json
32277,exploit-database/32277.json
27133,exploit-database/27133.json
9948,exploit-database/9948.json
40114,exploit-database/40114.json
18927,exploit-database/18927.json
39551,exploit-database/39551.json
36158,exploit-database/36158.json
39033,exploit-database/39033.json
33506,exploit-database/33506.json
18702,exploit-database/18702.json
18701,exploit-database/18701.json
18700,exploit-database/18700.json
39524,exploit-database/39524.json
39500,exploit-database/39500.json
18416,exploit-database/18416.json
17614,exploit-database/17614.json
40361,exploit-database/40361.json
35916,exploit-database/35916.json
17946,exploit-database/17946.json
17942,exploit-database/17942.json
39525,exploit-database/39525.json
14360,exploit-database/14360.json
4612,exploit-database/4612.json
12098,exploit-database/12098.json
38345,exploit-database/38345.json
31738,exploit-database/31738.json
42546,exploit-database/42546.json
42012,exploit-database/42012.json
38030,exploit-database/38030.json
42543,exploit-database/42543.json
6101,exploit-database/6101.json
42946,exploit-database/42946.json
40288,exploit-database/40288.json
37955,exploit-database/37955.json
25499,exploit-database/25499.json
40961,exploit-database/40961.json
37958,exploit-database/37958.json
42597,exploit-database/42597.json
40968,exploit-database/40968.json
40969,exploit-database/40969.json
38861,exploit-database/38861.json
40489,exploit-database/40489.json
40488,exploit-database/40488.json
9110,exploit-database/9110.json
20705,exploit-database/20705.json
18149,exploit-database/18149.json
33824,exploit-database/33824.json
36370,exploit-database/36370.json
35938,exploit-database/35938.json
8720,exploit-database/8720.json
24487,exploit-database/24487.json
7822,exploit-database/7822.json
40561,exploit-database/40561.json
42139,exploit-database/42139.json
40564,exploit-database/40564.json
1880,exploit-database/1880.json
42305,exploit-database/42305.json
42306,exploit-database/42306.json
17514,exploit-database/17514.json
42269,exploit-database/42269.json
42303,exploit-database/42303.json
2082,exploit-database/2082.json
26710,exploit-database/26710.json
39454,exploit-database/39454.json
25087,exploit-database/25087.json
42262,exploit-database/42262.json
42260,exploit-database/42260.json
40242,exploit-database/40242.json
40241,exploit-database/40241.json
40240,exploit-database/40240.json
17181,exploit-database/17181.json
42544,exploit-database/42544.json
39791,exploit-database/39791.json
42517,exploit-database/42517.json
42283,exploit-database/42283.json
42889,exploit-database/42889.json
39799,exploit-database/39799.json
36747,exploit-database/36747.json
31346,exploit-database/31346.json
9363,exploit-database/9363.json
10349,exploit-database/10349.json
40412,exploit-database/40412.json
40413,exploit-database/40413.json
39182,exploit-database/39182.json
39822,exploit-database/39822.json
39816,exploit-database/39816.json
9160,exploit-database/9160.json
17004,exploit-database/17004.json
34552,exploit-database/34552.json
35382,exploit-database/35382.json
26624,exploit-database/26624.json
35381,exploit-database/35381.json
26623,exploit-database/26623.json
6472,exploit-database/6472.json
24791,exploit-database/24791.json
37446,exploit-database/37446.json
24438,exploit-database/24438.json
15293,exploit-database/15293.json
31517,exploit-database/31517.json
42943,exploit-database/42943.json
42940,exploit-database/42940.json
42941,exploit-database/42941.json
42762,exploit-database/42762.json
42944,exploit-database/42944.json
42945,exploit-database/42945.json
42601,exploit-database/42601.json
41890,exploit-database/41890.json
36802,exploit-database/36802.json
42602,exploit-database/42602.json
22928,exploit-database/22928.json
42604,exploit-database/42604.json
36807,exploit-database/36807.json
41008,exploit-database/41008.json
35206,exploit-database/35206.json
18563,exploit-database/18563.json
41414,exploit-database/41414.json
35209,exploit-database/35209.json
33725,exploit-database/33725.json
30295,exploit-database/30295.json
41413,exploit-database/41413.json
41005,exploit-database/41005.json
28984,exploit-database/28984.json
4032,exploit-database/4032.json
34839,exploit-database/34839.json
35357,exploit-database/35357.json
31990,exploit-database/31990.json
37054,exploit-database/37054.json
8873,exploit-database/8873.json
17486,exploit-database/17486.json
39702,exploit-database/39702.json
19381,exploit-database/19381.json
38849,exploit-database/38849.json
37423,exploit-database/37423.json
42115,exploit-database/42115.json
39277,exploit-database/39277.json
7520,exploit-database/7520.json
40510,exploit-database/40510.json
36057,exploit-database/36057.json
18417,exploit-database/18417.json
39170,exploit-database/39170.json
36059,exploit-database/36059.json
40806,exploit-database/40806.json
18411,exploit-database/18411.json
33004,exploit-database/33004.json
15744,exploit-database/15744.json
15740,exploit-database/15740.json
15741,exploit-database/15741.json
17969,exploit-database/17969.json
23579,exploit-database/23579.json
32764,exploit-database/32764.json
5424,exploit-database/5424.json
22151,exploit-database/22151.json
14641,exploit-database/14641.json
41482,exploit-database/41482.json
41923,exploit-database/41923.json
27431,exploit-database/27431.json
10234,exploit-database/10234.json
26136,exploit-database/26136.json
35443,exploit-database/35443.json
22406,exploit-database/22406.json
38581,exploit-database/38581.json
35528,exploit-database/35528.json
39967,exploit-database/39967.json
36615,exploit-database/36615.json
39634,exploit-database/39634.json
39635,exploit-database/39635.json
32790,exploit-database/32790.json
32791,exploit-database/32791.json
32792,exploit-database/32792.json
40938,exploit-database/40938.json
35146,exploit-database/35146.json
39638,exploit-database/39638.json
37738,exploit-database/37738.json
33310,exploit-database/33310.json
40920,exploit-database/40920.json
37732,exploit-database/37732.json
39214,exploit-database/39214.json
36609,exploit-database/36609.json
15488,exploit-database/15488.json
32162,exploit-database/32162.json
16320,exploit-database/16320.json
27136,exploit-database/27136.json
9574,exploit-database/9574.json
39757,exploit-database/39757.json
41828,exploit-database/41828.json
24203,exploit-database/24203.json
24205,exploit-database/24205.json
42613,exploit-database/42613.json
35980,exploit-database/35980.json
21052,exploit-database/21052.json
40161,exploit-database/40161.json
41824,exploit-database/41824.json
21056,exploit-database/21056.json
14339,exploit-database/14339.json
39559,exploit-database/39559.json
42024,exploit-database/42024.json
22490,exploit-database/22490.json
42029,exploit-database/42029.json
42028,exploit-database/42028.json
28557,exploit-database/28557.json
24365,exploit-database/24365.json
42433,exploit-database/42433.json
42942,exploit-database/42942.json
33894,exploit-database/33894.json
18699,exploit-database/18699.json
33897,exploit-database/33897.json
40852,exploit-database/40852.json
12264,exploit-database/12264.json
40851,exploit-database/40851.json
29435,exploit-database/29435.json
34238,exploit-database/34238.json
41885,exploit-database/41885.json
24932,exploit-database/24932.json
34992,exploit-database/34992.json
34993,exploit-database/34993.json
35181,exploit-database/35181.json
42939,exploit-database/42939.json
30013,exploit-database/30013.json
30012,exploit-database/30012.json
34518,exploit-database/34518.json
42932,exploit-database/42932.json
35061,exploit-database/35061.json
42937,exploit-database/42937.json
42936,exploit-database/42936.json
42935,exploit-database/42935.json
42934,exploit-database/42934.json
35595,exploit-database/35595.json
39918,exploit-database/39918.json
38424,exploit-database/38424.json
11491,exploit-database/11491.json
40453,exploit-database/40453.json
40450,exploit-database/40450.json
9872,exploit-database/9872.json
154,exploit-database/154.json
38256,exploit-database/38256.json
36301,exploit-database/36301.json
38096,exploit-database/38096.json
34420,exploit-database/34420.json
34421,exploit-database/34421.json
42335,exploit-database/42335.json
34586,exploit-database/34586.json
35115,exploit-database/35115.json
37879,exploit-database/37879.json
35112,exploit-database/35112.json
19573,exploit-database/19573.json
42806,exploit-database/42806.json
34763,exploit-database/34763.json
34165,exploit-database/34165.json
34760,exploit-database/34760.json
36436,exploit-database/36436.json
18506,exploit-database/18506.json
36941,exploit-database/36941.json
37788,exploit-database/37788.json
2004,exploit-database/2004.json
8572,exploit-database/8572.json
18917,exploit-database/18917.json
10013,exploit-database/10013.json
40975,exploit-database/40975.json
39769,exploit-database/39769.json
38454,exploit-database/38454.json
28175,exploit-database/28175.json
32867,exploit-database/32867.json
22398,exploit-database/22398.json
32868,exploit-database/32868.json
3441,exploit-database/3441.json
39983,exploit-database/39983.json
31427,exploit-database/31427.json
38321,exploit-database/38321.json
39402,exploit-database/39402.json
42652,exploit-database/42652.json
36782,exploit-database/36782.json
28957,exploit-database/28957.json
35961,exploit-database/35961.json
28959,exploit-database/28959.json
40678,exploit-database/40678.json
36933,exploit-database/36933.json
36421,exploit-database/36421.json
15098,exploit-database/15098.json
39455,exploit-database/39455.json
37706,exploit-database/37706.json
16293,exploit-database/16293.json
32214,exploit-database/32214.json
41171,exploit-database/41171.json
40171,exploit-database/40171.json
34865,exploit-database/34865.json
34860,exploit-database/34860.json
10579,exploit-database/10579.json
34863,exploit-database/34863.json
40888,exploit-database/40888.json
11529,exploit-database/11529.json
12610,exploit-database/12610.json
9887,exploit-database/9887.json
34761,exploit-database/34761.json
10085,exploit-database/10085.json
30408,exploit-database/30408.json
30409,exploit-database/30409.json
21545,exploit-database/21545.json
29274,exploit-database/29274.json
41598,exploit-database/41598.json
40109,exploit-database/40109.json
18446,exploit-database/18446.json
36160,exploit-database/36160.json
41457,exploit-database/41457.json
40100,exploit-database/40100.json
41458,exploit-database/41458.json
37067,exploit-database/37067.json
40103,exploit-database/40103.json
41594,exploit-database/41594.json
40105,exploit-database/40105.json
32040,exploit-database/32040.json
18305,exploit-database/18305.json
41185,exploit-database/41185.json
36438,exploit-database/36438.json
25002,exploit-database/25002.json
25003,exploit-database/25003.json
41779,exploit-database/41779.json
21990,exploit-database/21990.json
14273,exploit-database/14273.json
41577,exploit-database/41577.json
17932,exploit-database/17932.json
35413,exploit-database/35413.json
38976,exploit-database/38976.json
41670,exploit-database/41670.json
22741,exploit-database/22741.json
40115,exploit-database/40115.json
41578,exploit-database/41578.json
23575,exploit-database/23575.json
31986,exploit-database/31986.json
16182,exploit-database/16182.json
31834,exploit-database/31834.json
12762,exploit-database/12762.json
6130,exploit-database/6130.json
39569,exploit-database/39569.json
27460,exploit-database/27460.json
34239,exploit-database/34239.json
2237,exploit-database/2237.json
42060,exploit-database/42060.json
41684,exploit-database/41684.json
37765,exploit-database/37765.json
41156,exploit-database/41156.json
41683,exploit-database/41683.json
40812,exploit-database/40812.json
18782,exploit-database/18782.json
40774,exploit-database/40774.json
41688,exploit-database/41688.json
37604,exploit-database/37604.json
40225,exploit-database/40225.json
9479,exploit-database/9479.json
17577,exploit-database/17577.json
14121,exploit-database/14121.json
40229,exploit-database/40229.json
9477,exploit-database/9477.json
40972,exploit-database/40972.json
40491,exploit-database/40491.json
24551,exploit-database/24551.json
21082,exploit-database/21082.json
16270,exploit-database/16270.json
35720,exploit-database/35720.json
40113,exploit-database/40113.json
27602,exploit-database/27602.json
41953,exploit-database/41953.json
41954,exploit-database/41954.json
41955,exploit-database/41955.json
42278,exploit-database/42278.json
42279,exploit-database/42279.json
42794,exploit-database/42794.json
7618,exploit-database/7618.json
34245,exploit-database/34245.json
42270,exploit-database/42270.json
42271,exploit-database/42271.json
42272,exploit-database/42272.json
42273,exploit-database/42273.json
4673,exploit-database/4673.json
42275,exploit-database/42275.json
42276,exploit-database/42276.json
42277,exploit-database/42277.json
24965,exploit-database/24965.json
37110,exploit-database/37110.json
41784,exploit-database/41784.json
34461,exploit-database/34461.json
40840,exploit-database/40840.json
31574,exploit-database/31574.json
34134,exploit-database/34134.json
35738,exploit-database/35738.json
34132,exploit-database/34132.json
42290,exploit-database/42290.json
42291,exploit-database/42291.json
35730,exploit-database/35730.json
27875,exploit-database/27875.json
36860,exploit-database/36860.json
31347,exploit-database/31347.json
38807,exploit-database/38807.json
40098,exploit-database/40098.json
41783,exploit-database/41783.json
15423,exploit-database/15423.json
36157,exploit-database/36157.json
17404,exploit-database/17404.json
39821,exploit-database/39821.json
8021,exploit-database/8021.json
27778,exploit-database/27778.json
24789,exploit-database/24789.json
16933,exploit-database/16933.json
36463,exploit-database/36463.json
36466,exploit-database/36466.json
41928,exploit-database/41928.json
2951,exploit-database/2951.json
41925,exploit-database/41925.json
16973,exploit-database/16973.json
41927,exploit-database/41927.json
41926,exploit-database/41926.json
40414,exploit-database/40414.json
42193,exploit-database/42193.json
42753,exploit-database/42753.json
42618,exploit-database/42618.json
40099,exploit-database/40099.json
17084,exploit-database/17084.json
9575,exploit-database/9575.json
42754,exploit-database/42754.json
12263,exploit-database/12263.json
42610,exploit-database/42610.json
41886,exploit-database/41886.json
36746,exploit-database/36746.json
35021,exploit-database/35021.json
35020,exploit-database/35020.json
35605,exploit-database/35605.json
14117,exploit-database/14117.json
31982,exploit-database/31982.json
35214,exploit-database/35214.json
35210,exploit-database/35210.json
15642,exploit-database/15642.json
39736,exploit-database/39736.json
11203,exploit-database/11203.json
36991,exploit-database/36991.json
39738,exploit-database/39738.json
29822,exploit-database/29822.json
38527,exploit-database/38527.json
42389,exploit-database/42389.json
1602,exploit-database/1602.json
38528,exploit-database/38528.json
5191,exploit-database/5191.json
39169,exploit-database/39169.json
35324,exploit-database/35324.json
39246,exploit-database/39246.json
39245,exploit-database/39245.json
36906,exploit-database/36906.json
36741,exploit-database/36741.json
37666,exploit-database/37666.json
37336,exploit-database/37336.json
15639,exploit-database/15639.json
33370,exploit-database/33370.json
37933,exploit-database/37933.json
37932,exploit-database/37932.json
37931,exploit-database/37931.json
40046,exploit-database/40046.json
40041,exploit-database/40041.json
15636,exploit-database/15636.json
10544,exploit-database/10544.json
23945,exploit-database/23945.json
7020,exploit-database/7020.json
31875,exploit-database/31875.json
20347,exploit-database/20347.json
42535,exploit-database/42535.json
35518,exploit-database/35518.json
16086,exploit-database/16086.json
37528,exploit-database/37528.json
42166,exploit-database/42166.json
40911,exploit-database/40911.json
37928,exploit-database/37928.json
8534,exploit-database/8534.json
39017,exploit-database/39017.json
41995,exploit-database/41995.json
40136,exploit-database/40136.json
37722,exploit-database/37722.json
37723,exploit-database/37723.json
14288,exploit-database/14288.json
6218,exploit-database/6218.json
16154,exploit-database/16154.json
18579,exploit-database/18579.json
5975,exploit-database/5975.json
30474,exploit-database/30474.json
40346,exploit-database/40346.json
15120,exploit-database/15120.json
18198,exploit-database/18198.json
15086,exploit-database/15086.json
40590,exploit-database/40590.json
24951,exploit-database/24951.json
40596,exploit-database/40596.json
40595,exploit-database/40595.json
18295,exploit-database/18295.json
41748,exploit-database/41748.json
32375,exploit-database/32375.json
39540,exploit-database/39540.json
39427,exploit-database/39427.json
41740,exploit-database/41740.json
16966,exploit-database/16966.json
15641,exploit-database/15641.json
15640,exploit-database/15640.json
15643,exploit-database/15643.json
41746,exploit-database/41746.json
38213,exploit-database/38213.json
42409,exploit-database/42409.json
42036,exploit-database/42036.json
40291,exploit-database/40291.json
42034,exploit-database/42034.json
41898,exploit-database/41898.json
24353,exploit-database/24353.json
42402,exploit-database/42402.json
42400,exploit-database/42400.json
42407,exploit-database/42407.json
40003,exploit-database/40003.json
41870,exploit-database/41870.json
18750,exploit-database/18750.json
18752,exploit-database/18752.json
18753,exploit-database/18753.json
18756,exploit-database/18756.json
41173,exploit-database/41173.json
42136,exploit-database/42136.json
40686,exploit-database/40686.json
24922,exploit-database/24922.json
40684,exploit-database/40684.json
40683,exploit-database/40683.json
40682,exploit-database/40682.json
37663,exploit-database/37663.json
40465,exploit-database/40465.json
40464,exploit-database/40464.json
40463,exploit-database/40463.json
42396,exploit-database/42396.json
9135,exploit-database/9135.json
42394,exploit-database/42394.json
39867,exploit-database/39867.json
15704,exploit-database/15704.json
34170,exploit-database/34170.json
42398,exploit-database/42398.json
38599,exploit-database/38599.json
31130,exploit-database/31130.json
30396,exploit-database/30396.json
4862,exploit-database/4862.json
41963,exploit-database/41963.json
30395,exploit-database/30395.json
8268,exploit-database/8268.json
41964,exploit-database/41964.json
41967,exploit-database/41967.json
5657,exploit-database/5657.json
9863,exploit-database/9863.json
40507,exploit-database/40507.json
40669,exploit-database/40669.json
35018,exploit-database/35018.json
15548,exploit-database/15548.json
40503,exploit-database/40503.json
14422,exploit-database/14422.json
39166,exploit-database/39166.json
3680,exploit-database/3680.json
41842,exploit-database/41842.json
12109,exploit-database/12109.json
36805,exploit-database/36805.json
42111,exploit-database/42111.json
42084,exploit-database/42084.json
26123,exploit-database/26123.json
41910,exploit-database/41910.json
31253,exploit-database/31253.json
35100,exploit-database/35100.json
37301,exploit-database/37301.json
11636,exploit-database/11636.json
42755,exploit-database/42755.json
17897,exploit-database/17897.json
34861,exploit-database/34861.json
31329,exploit-database/31329.json
34777,exploit-database/34777.json
41366,exploit-database/41366.json
14010,exploit-database/14010.json
21319,exploit-database/21319.json
35081,exploit-database/35081.json
10364,exploit-database/10364.json
20167,exploit-database/20167.json
33005,exploit-database/33005.json
25298,exploit-database/25298.json
36002,exploit-database/36002.json
18137,exploit-database/18137.json
34408,exploit-database/34408.json
37389,exploit-database/37389.json
15304,exploit-database/15304.json
35238,exploit-database/35238.json
42924,exploit-database/42924.json
5257,exploit-database/5257.json
35951,exploit-database/35951.json
36418,exploit-database/36418.json
34681,exploit-database/34681.json
42922,exploit-database/42922.json
42923,exploit-database/42923.json
24465,exploit-database/24465.json
6229,exploit-database/6229.json
42147,exploit-database/42147.json
24434,exploit-database/24434.json
35127,exploit-database/35127.json
32546,exploit-database/32546.json
19098,exploit-database/19098.json
19482,exploit-database/19482.json
32208,exploit-database/32208.json
35222,exploit-database/35222.json
42761,exploit-database/42761.json
40164,exploit-database/40164.json
42340,exploit-database/42340.json
33336,exploit-database/33336.json
23356,exploit-database/23356.json
39643,exploit-database/39643.json
37686,exploit-database/37686.json
23828,exploit-database/23828.json
23829,exploit-database/23829.json
40899,exploit-database/40899.json
31615,exploit-database/31615.json
11497,exploit-database/11497.json
36674,exploit-database/36674.json
39880,exploit-database/39880.json
37271,exploit-database/37271.json
37272,exploit-database/37272.json
39767,exploit-database/39767.json
39760,exploit-database/39760.json
39762,exploit-database/39762.json
36678,exploit-database/36678.json
19432,exploit-database/19432.json
7405,exploit-database/7405.json
22216,exploit-database/22216.json
17648,exploit-database/17648.json
32516,exploit-database/32516.json
18828,exploit-database/18828.json
38323,exploit-database/38323.json
32926,exploit-database/32926.json
18820,exploit-database/18820.json
37296,exploit-database/37296.json
18647,exploit-database/18647.json
32701,exploit-database/32701.json
37264,exploit-database/37264.json
37292,exploit-database/37292.json
37293,exploit-database/37293.json
15607,exploit-database/15607.json
18761,exploit-database/18761.json
15608,exploit-database/15608.json
33249,exploit-database/33249.json
40710,exploit-database/40710.json
18648,exploit-database/18648.json
24536,exploit-database/24536.json
41668,exploit-database/41668.json
41669,exploit-database/41669.json
41547,exploit-database/41547.json
28507,exploit-database/28507.json
6123,exploit-database/6123.json
6122,exploit-database/6122.json
15766,exploit-database/15766.json
37260,exploit-database/37260.json
40096,exploit-database/40096.json
40097,exploit-database/40097.json
40095,exploit-database/40095.json
10184,exploit-database/10184.json
40824,exploit-database/40824.json
34929,exploit-database/34929.json
18791,exploit-database/18791.json
42148,exploit-database/42148.json
9843,exploit-database/9843.json
34923,exploit-database/34923.json
34922,exploit-database/34922.json
40768,exploit-database/40768.json
36839,exploit-database/36839.json
41145,exploit-database/41145.json
24862,exploit-database/24862.json
18221,exploit-database/18221.json
41141,exploit-database/41141.json
24954,exploit-database/24954.json
16280,exploit-database/16280.json
29290,exploit-database/29290.json
18228,exploit-database/18228.json
37200,exploit-database/37200.json
40236,exploit-database/40236.json
8148,exploit-database/8148.json
18164,exploit-database/18164.json
8921,exploit-database/8921.json
15935,exploit-database/15935.json
40597,exploit-database/40597.json
40238,exploit-database/40238.json
40239,exploit-database/40239.json
30292,exploit-database/30292.json
25518,exploit-database/25518.json
15215,exploit-database/15215.json
16263,exploit-database/16263.json
33805,exploit-database/33805.json
40101,exploit-database/40101.json
37064,exploit-database/37064.json
17393,exploit-database/17393.json
16302,exploit-database/16302.json
40102,exploit-database/40102.json
40627,exploit-database/40627.json
34087,exploit-database/34087.json
39544,exploit-database/39544.json
10229,exploit-database/10229.json
17992,exploit-database/17992.json
40679,exploit-database/40679.json
40104,exploit-database/40104.json
34088,exploit-database/34088.json
15691,exploit-database/15691.json
40230,exploit-database/40230.json
39570,exploit-database/39570.json
42599,exploit-database/42599.json
42598,exploit-database/42598.json
24913,exploit-database/24913.json
18296,exploit-database/18296.json
24915,exploit-database/24915.json
29519,exploit-database/29519.json
42043,exploit-database/42043.json
15987,exploit-database/15987.json
29514,exploit-database/29514.json
29512,exploit-database/29512.json
42324,exploit-database/42324.json
37108,exploit-database/37108.json
42596,exploit-database/42596.json
34102,exploit-database/34102.json
42424,exploit-database/42424.json
39837,exploit-database/39837.json
37772,exploit-database/37772.json
9265,exploit-database/9265.json
17787,exploit-database/17787.json
10042,exploit-database/10042.json
35046,exploit-database/35046.json
39838,exploit-database/39838.json
38832,exploit-database/38832.json
15342,exploit-database/15342.json
15344,exploit-database/15344.json
38836,exploit-database/38836.json
30916,exploit-database/30916.json
30917,exploit-database/30917.json
37536,exploit-database/37536.json
40437,exploit-database/40437.json
23573,exploit-database/23573.json
37721,exploit-database/37721.json
42627,exploit-database/42627.json
40285,exploit-database/40285.json
35915,exploit-database/35915.json
35913,exploit-database/35913.json
37107,exploit-database/37107.json
32075,exploit-database/32075.json
42184,exploit-database/42184.json
36320,exploit-database/36320.json
39549,exploit-database/39549.json
31571,exploit-database/31571.json
28338,exploit-database/28338.json
28485,exploit-database/28485.json
34030,exploit-database/34030.json
42960,exploit-database/42960.json
42745,exploit-database/42745.json
32076,exploit-database/32076.json
9542,exploit-database/9542.json
9543,exploit-database/9543.json
39487,exploit-database/39487.json
35346,exploit-database/35346.json
42183,exploit-database/42183.json
41438,exploit-database/41438.json
42033,exploit-database/42033.json
35711,exploit-database/35711.json
39481,exploit-database/39481.json
9082,exploit-database/9082.json
41435,exploit-database/41435.json
35594,exploit-database/35594.json
23253,exploit-database/23253.json
8456,exploit-database/8456.json
21323,exploit-database/21323.json
42042,exploit-database/42042.json
9645,exploit-database/9645.json
41622,exploit-database/41622.json
39687,exploit-database/39687.json
33389,exploit-database/33389.json
36506,exploit-database/36506.json
15285,exploit-database/15285.json
29517,exploit-database/29517.json
32965,exploit-database/32965.json
32964,exploit-database/32964.json
12510,exploit-database/12510.json
35950,exploit-database/35950.json
28656,exploit-database/28656.json
7549,exploit-database/7549.json
28654,exploit-database/28654.json
24321,exploit-database/24321.json
42137,exploit-database/42137.json
28653,exploit-database/28653.json
41985,exploit-database/41985.json
41984,exploit-database/41984.json
22251,exploit-database/22251.json
24449,exploit-database/24449.json
37109,exploit-database/37109.json
15722,exploit-database/15722.json
7100,exploit-database/7100.json
24459,exploit-database/24459.json
37394,exploit-database/37394.json
16137,exploit-database/16137.json
23580,exploit-database/23580.json
31647,exploit-database/31647.json
35303,exploit-database/35303.json
15774,exploit-database/15774.json
42520,exploit-database/42520.json
35505,exploit-database/35505.json
42342,exploit-database/42342.json
38975,exploit-database/38975.json
18655,exploit-database/18655.json
18694,exploit-database/18694.json
37710,exploit-database/37710.json
37249,exploit-database/37249.json
5232,exploit-database/5232.json
5233,exploit-database/5233.json
25134,exploit-database/25134.json
40084,exploit-database/40084.json
16000,exploit-database/16000.json
41986,exploit-database/41986.json
9973,exploit-database/9973.json
7553,exploit-database/7553.json
37080,exploit-database/37080.json
15806,exploit-database/15806.json
18262,exploit-database/18262.json
40129,exploit-database/40129.json
18265,exploit-database/18265.json
37089,exploit-database/37089.json
37088,exploit-database/37088.json
18736,exploit-database/18736.json
33846,exploit-database/33846.json
5152,exploit-database/5152.json
40377,exploit-database/40377.json
38310,exploit-database/38310.json
37816,exploit-database/37816.json
34363,exploit-database/34363.json
17924,exploit-database/17924.json
40378,exploit-database/40378.json
21135,exploit-database/21135.json
35076,exploit-database/35076.json
18886,exploit-database/18886.json
12334,exploit-database/12334.json
22041,exploit-database/22041.json
7646,exploit-database/7646.json
33929,exploit-database/33929.json
12188,exploit-database/12188.json
39539,exploit-database/39539.json
35823,exploit-database/35823.json
39432,exploit-database/39432.json
41618,exploit-database/41618.json
39435,exploit-database/39435.json
39436,exploit-database/39436.json
4601,exploit-database/4601.json
23924,exploit-database/23924.json
41997,exploit-database/41997.json
12330,exploit-database/12330.json
42005,exploit-database/42005.json
42004,exploit-database/42004.json
3609,exploit-database/3609.json
38000,exploit-database/38000.json
41991,exploit-database/41991.json
40751,exploit-database/40751.json
40974,exploit-database/40974.json
32745,exploit-database/32745.json
37927,exploit-database/37927.json
40502,exploit-database/40502.json
40970,exploit-database/40970.json
16915,exploit-database/16915.json
40759,exploit-database/40759.json
27705,exploit-database/27705.json
40979,exploit-database/40979.json
37929,exploit-database/37929.json
22156,exploit-database/22156.json
18040,exploit-database/18040.json
28684,exploit-database/28684.json
38746,exploit-database/38746.json
38835,exploit-database/38835.json
38983,exploit-database/38983.json
28191,exploit-database/28191.json
31520,exploit-database/31520.json
31521,exploit-database/31521.json
10488,exploit-database/10488.json
42391,exploit-database/42391.json
35161,exploit-database/35161.json
28680,exploit-database/28680.json
28683,exploit-database/28683.json
42390,exploit-database/42390.json
28685,exploit-database/28685.json
41240,exploit-database/41240.json
40435,exploit-database/40435.json
36368,exploit-database/36368.json
17510,exploit-database/17510.json
15476,exploit-database/15476.json
24629,exploit-database/24629.json
15474,exploit-database/15474.json
15475,exploit-database/15475.json
37609,exploit-database/37609.json
17147,exploit-database/17147.json
29672,exploit-database/29672.json
42397,exploit-database/42397.json
39446,exploit-database/39446.json
22159,exploit-database/22159.json
37250,exploit-database/37250.json
3303,exploit-database/3303.json
24946,exploit-database/24946.json
16103,exploit-database/16103.json
40950,exploit-database/40950.json
24865,exploit-database/24865.json
42207,exploit-database/42207.json
8067,exploit-database/8067.json
2006,exploit-database/2006.json
34449,exploit-database/34449.json
40588,exploit-database/40588.json
42399,exploit-database/42399.json
42314,exploit-database/42314.json
37387,exploit-database/37387.json
36884,exploit-database/36884.json
41278,exploit-database/41278.json
10077,exploit-database/10077.json
5167,exploit-database/5167.json
39535,exploit-database/39535.json
21742,exploit-database/21742.json
16298,exploit-database/16298.json
34781,exploit-database/34781.json
35098,exploit-database/35098.json
35099,exploit-database/35099.json
15274,exploit-database/15274.json
26454,exploit-database/26454.json
37448,exploit-database/37448.json
23779,exploit-database/23779.json
9198,exploit-database/9198.json
38074,exploit-database/38074.json
39801,exploit-database/39801.json
36815,exploit-database/36815.json
39633,exploit-database/39633.json
40688,exploit-database/40688.json
16294,exploit-database/16294.json
42173,exploit-database/42173.json
42172,exploit-database/42172.json
38551,exploit-database/38551.json
39550,exploit-database/39550.json
39193,exploit-database/39193.json
38573,exploit-database/38573.json
4392,exploit-database/4392.json
42130,exploit-database/42130.json
38576,exploit-database/38576.json
15710,exploit-database/15710.json
42950,exploit-database/42950.json
6337,exploit-database/6337.json
38222,exploit-database/38222.json
38292,exploit-database/38292.json
42957,exploit-database/42957.json
42772,exploit-database/42772.json
42959,exploit-database/42959.json
42958,exploit-database/42958.json
37265,exploit-database/37265.json
42893,exploit-database/42893.json
42779,exploit-database/42779.json
42895,exploit-database/42895.json
30393,exploit-database/30393.json
